{"eval/loss": 1.6436152458190918, "eval/runtime": 11.526, "eval/samples_per_second": 86.76, "eval/steps_per_second": 2.776, "train/epoch": 1.0, "train/global_step": 125, "_timestamp": 1711922971.7962291, "_runtime": 7512.973179101944, "_step": 4, "train_runtime": 453.1045, "train_samples_per_second": 26.484, "train_steps_per_second": 0.828, "total_flos": 1175877900288000.0, "train_loss": 2.8782047526041667}