{"eval/loss": 2.044520616531372, "eval/runtime": 14.8394, "eval/samples_per_second": 67.388, "eval/steps_per_second": 2.156, "train/epoch": 3.0, "train/global_step": 375, "_timestamp": 1711931272.1178744, "_runtime": 555.6092374324799, "_step": 3, "train_runtime": 560.6199, "train_samples_per_second": 21.405, "train_steps_per_second": 0.669, "total_flos": 1175877900288000.0, "train_loss": 2.7806468098958335}