{"eval/loss": 2.0451672077178955, "eval/runtime": 11.5396, "eval/samples_per_second": 86.658, "eval/steps_per_second": 2.773, "train/epoch": 2.0, "train/global_step": 250, "_timestamp": 1711915212.804866, "_runtime": 300.55816102027893, "_step": 1}